"Referenz","Wert","Footprint","Anzahl"
"C1","47µF/35V","Capacitor_SMD:CP_Elec_6.3x7.7","1"
"C2","10µF/25V","Capacitor_SMD:C_1206_3216Metric","1"
"C3,C5","22µF/10V","Capacitor_SMD:C_1206_3216Metric","2"
"C4,C8","10µF","Capacitor_SMD:C_0805_2012Metric","2"
"C6,C7,C9,C12,C13,C14","100nF","Capacitor_SMD:C_0805_2012Metric","6"
"C10","1µF","Capacitor_SMD:C_0805_2012Metric","1"
"C11","4.7µF","Capacitor_SMD:C_0805_2012Metric","1"
"D1","SS34","Diode_SMD:D_SMA","1"
"D2","SMBJ15CA","Diode_SMD:D_SMB","1"
"D3,D4","B5819W","Diode_SMD:D_SOD-123","2"
"D5","grün PWR","LED_SMD:LED_0805_2012Metric","1"
"D6","gelb STATUS","LED_SMD:LED_0805_2012Metric","1"
"D7,D8","BAT54W","Package_TO_SOT_SMD:SOT-323_SC-70","2"
"D9,D10","1N4148W","Diode_SMD:D_SOD-123","2"
"D11","rot REL1","LED_SMD:LED_0805_2012Metric","1"
"D12","rot REL2","LED_SMD:LED_0805_2012Metric","1"
"F1","1.1A PTC (MF-MSMF110)","Fuse:Fuse_1812_4532Metric","1"
"F2","200mA PTC (MF-MSMF020)","Fuse:Fuse_1206_3216Metric","1"
"H1,H2,H3,H4","M3","MountingHole:MountingHole_3.2mm_M3","4"
"J1","12V DC 5.5/2.1","Connector_BarrelJack:BarrelJack_Horizontal","1"
"J2","12V DC IN","TerminalBlock_Phoenix:TerminalBlock_Phoenix_MKDS-1,5-2-5.08_1x02_P5.08mm_Horizontal","1"
"J3","USB-C (HRO TYPE-C-31-M-12)","Connector_USB:USB_C_Receptacle_HRO_TYPE-C-31-M-12","1"
"J4","Eingänge","TerminalBlock_Phoenix:TerminalBlock_Phoenix_MKDS-1,5-6-5.08_1x06_P5.08mm_Horizontal","1"
"J5","Klingel 8-24V AC/DC","TerminalBlock_Phoenix:TerminalBlock_Phoenix_MKDS-1,5-2-5.08_1x02_P5.08mm_Horizontal","1"
"J6","Wiegand","TerminalBlock_Phoenix:TerminalBlock_Phoenix_MKDS-1,5-4-5.08_1x04_P5.08mm_Horizontal","1"
"J7","OLED I2C","Connector_PinHeader_2.54mm:PinHeader_1x04_P2.54mm_Vertical","1"
"J8","Erweiterung","Connector_PinHeader_2.54mm:PinHeader_1x06_P2.54mm_Vertical","1"
"J9","Relais 1 NO/COM/NC","TerminalBlock_Phoenix:TerminalBlock_Phoenix_MKDS-1,5-3-5.08_1x03_P5.08mm_Horizontal","1"
"J10","Relais 2 NO/COM/NC","TerminalBlock_Phoenix:TerminalBlock_Phoenix_MKDS-1,5-3-5.08_1x03_P5.08mm_Horizontal","1"
"K1,K2","SRD-12VDC-SL-C","Relay_THT:Relay_SPDT_SANYOU_SRD_Series_Form_C","2"
"Q1,Q2","MMBT3904","Package_TO_SOT_SMD:SOT-23","2"
"Q3,Q4","AO3400A","Package_TO_SOT_SMD:SOT-23","2"
"R1,R9,R10,R11,R12","1k","Resistor_SMD:R_0805_2012Metric","5"
"R2,R3","5.1k","Resistor_SMD:R_0805_2012Metric","2"
"R4,R5,R6,R7,R13,R14,R15,R16","10k","Resistor_SMD:R_0805_2012Metric","8"
"R8","330","Resistor_SMD:R_0805_2012Metric","1"
"R17","2.2k 1W","Resistor_THT:R_Axial_DIN0414_L11.9mm_D4.5mm_P15.24mm_Horizontal","1"
"R18,R19,R20,R21,R26,R27","4.7k","Resistor_SMD:R_0805_2012Metric","6"
"R22,R24","100","Resistor_SMD:R_0805_2012Metric","2"
"R23,R25","100k","Resistor_SMD:R_0805_2012Metric","2"
"SW1","RESET","Button_Switch_SMD:SW_SPST_TL3342","1"
"SW2","BOOT","Button_Switch_SMD:SW_SPST_TL3342","1"
"U1","R-78E5.0-1.0","Converter_DCDC:Converter_DCDC_RECOM_R-78E-0.5_THT","1"
"U2","AMS1117-3.3","Package_TO_SOT_SMD:SOT-223-3_TabPin2","1"
"U3","USBLC6-2SC6","Package_TO_SOT_SMD:SOT-23-6","1"
"U4","CH340C","Package_SO:SOIC-16_3.9x9.9mm_P1.27mm","1"
"U5","ESP32-WROOM-32E-N4","RF_Module:ESP32-WROOM-32E","1"
"U6","LTV-814 (PC814)","Package_DIP:DIP-4_W7.62mm","1"
